site,season,burned,dist_perim,dist_perimQuad,rdnbr_abs,rdnbrQuad,rdnbr_het
AG-CH,20_3,burned,-1.51,2.28,1385.28,1919000.68,1028.93
AU-TR,20_3,unburned,0.82,0.672,-48.14,2317.46,121.62
BO-SP,20_3,burned,-1.68,2.822,1799.49,3238164.26,1706.99
BO-TR,20_3,burned,-1.22,1.488,1301.73,1694500.99,1326.11
CG-001,20_3,unburned,4.9,24.01,-11.56,133.63,79.79
CG-002,20_3,unburned,4.6,21.16,-11.56,133.63,79.79
CG-003,20_3,unburned,0.9,0.81,-94.03,8841.64,384.77
CG-004,20_3,unburned,1.74,3.028,-0.32,0.10,29.2
CG-005,20_3,unburned,1.51,2.28,-18.48,341.51,58.39
CG-006,20_3,unburned,3.81,14.516,-29.13,848.56,36.99
CG-016,20_3,burned,-0.97,0.941,304.54,92744.61,276.82
CG-017,20_3,unburned,0.45,0.203,-68.36,4673.09,139.59
CG-018,20_3,burned,-0.06,0.004,55.6,3091.36,81.45
CG-019,20_3,unburned,3.29,10.824,-16.59,275.23,59.64
CG-020,20_3,unburned,7.38,54.464,-11.56,133.63,79.79
CG-029,20_3,burned,-3.54,12.532,422.27,178311.95,307.22
CG-030,20_3,burned,-0.75,0.563,297.15,88298.12,203.71
CG-031,20_3,unburned,0.79,0.624,-1.24,1.54,49.7
CG-033,20_3,unburned,8.35,69.723,-11.56,133.63,79.79
CG-042,20_3,burned,-1.2,1.44,878.35,771498.72,160.13
CG-044,20_3,burned,-3.8,14.44,708.76,502340.74,197.73
CG-045,20_3,burned,-0.59,0.348,246.87,60944.80,199.68
CG-047,20_3,unburned,5.44,29.594,-11.56,133.63,79.79
CG-048,20_3,unburned,9.12,83.174,-11.56,133.63,79.79
CG-056,20_3,burned,-0.32,0.102,377.85,142770.62,271.32
CG-057,20_3,burned,-4.42,19.536,882.68,779123.98,106.87
CG-058,20_3,burned,-6.31,39.816,665.96,443502.72,207.52
CG-059,20_3,burned,-3.36,11.29,464.75,215992.56,212.79
CG-069,20_3,burned,-1.09,1.188,425.72,181237.52,339.32
CG-070,20_3,burned,-4.78,22.848,622.4,387381.76,257.7
CG-071,20_3,burned,-4.55,20.703,620.06,384474.40,203.97
CG-073,20_3,unburned,1.34,1.796,0.17,0.03,45.95
CG-074,20_3,unburned,3.94,15.524,-19.29,372.10,22.96
CG-075,20_3,unburned,8.34,69.556,-11.56,133.63,79.79
CG-084,20_3,unburned,3.82,14.592,-11.45,131.10,35.89
CG-085,20_3,unburned,6.77,45.833,-11.56,133.63,79.79
CG-088,20_3,unburned,1.03,1.061,-12.27,150.55,51.91
CG-089,20_3,burned,-0.01,0,-10.2,104.04,43.83
CG-090,20_3,unburned,1.83,3.349,-3.83,14.67,39.94
CG-092,20_3,unburned,6.46,41.732,-29.85,891.02,68.22
CG-096,20_3,unburned,3.43,11.765,16.84,283.59,63.25
CG-097,20_3,unburned,5.4,29.16,94.28,8888.72,133.96
CG-098,20_3,unburned,7.14,50.98,8.62,74.30,56.24
CG-102,20_3,unburned,8.04,64.642,-11.56,133.63,79.79
CG-103,20_3,unburned,8.41,70.728,-11.56,133.63,79.79
CO-TR,20_3,unburned,0.91,0.828,-29.32,859.66,163.59
DO-CA3,20_3,unburned,1.43,2.045,299.12,89472.77,610.04
DR-SP2,20_3,burned,-0.76,0.578,1624.73,2639747.57,1730.3
EA-MW2,20_3,unburned,0.1,0.01,256.31,65694.82,357.8
FR-RO,20_3,unburned,0.84,0.706,310.92,96671.25,529.84
GY-FO,20_3,burned,-0.01,0,48.69,2370.72,386.04
IR-ME1,20_3,unburned,1.12,1.254,-88.43,7819.86,135.05
IRC01,20_3,unburned,0.8,0.64,131.44,17276.47,208.16
IRC02,20_3,unburned,0.98,0.96,26.19,685.92,148.73
IRC03,20_3,unburned,1.09,1.188,-35.88,1287.37,153.7
IRC04,20_3,unburned,0.13,0.017,144.87,20987.32,457.96
IRC05,20_3,unburned,0.57,0.325,36.48,1330.79,168.09
IRC06,20_3,unburned,1.16,1.346,-69.01,4762.38,92
IRC07,20_3,unburned,0.91,0.828,-74.96,5619.00,86.7
IRC09,20_3,burned,-0.87,0.757,1479.58,2189156.98,1443.45
IRC10,20_3,unburned,0.31,0.096,34.4,1183.36,282.46
IRC12,20_3,unburned,1.12,1.254,-20.31,412.50,220.52
IRC13,20_3,unburned,1.25,1.563,-7.5,56.25,101.14
LI-ME2,20_3,unburned,0.08,0.006,335.35,112459.62,704.15
LO-WE2,20_3,burned,-1.4,1.96,312.51,97662.50,270.22
MO-FR1,20_3,unburned,0.88,0.774,464.41,215676.65,655.07
OR-LO,20_3,burned,-0.14,0.02,1191.23,1419028.91,1352.77
OV-TR,20_3,burned,-1.59,2.528,485.71,235914.20,342.23
RO-CA2,20_3,burned,-0.74,0.548,1531.6,2345798.56,1312.2
SO-GY,20_3,burned,-0.49,0.24,316.45,100140.60,229.89
UP-WE,20_3,burned,-1.02,1.04,434.44,188738.11,377.64
WE-TR1,20_3,burned,-0.96,0.922,402.55,162046.50,342.98
WE-TR3,20_3,burned,-0.75,0.563,444.64,197704.73,439.51
AG-CH,20_4,burned,-1.51,2.28,1385.28,1919000.68,1028.93
AU-TR,20_4,burned,-0.87,0.757,1166.22,1360069.09,1053
BO-SP,20_4,burned,-1.68,2.822,1799.49,3238164.26,1706.99
BO-TR,20_4,burned,-1.22,1.488,1301.73,1694500.99,1326.11
CG-001,20_4,unburned,4.9,24.01,-11.56,133.63,79.79
CG-002,20_4,unburned,4.6,21.16,-11.56,133.63,79.79
CG-003,20_4,unburned,0.9,0.81,-94.03,8841.64,384.77
CG-004,20_4,unburned,1.74,3.028,-0.32,0.10,29.2
CG-005,20_4,unburned,1.51,2.28,-18.48,341.51,58.39
CG-006,20_4,unburned,3.81,14.516,-29.13,848.56,36.99
CG-016,20_4,burned,-0.97,0.941,304.54,92744.61,276.82
CG-017,20_4,unburned,0.45,0.203,-68.36,4673.09,139.59
CG-018,20_4,burned,-0.06,0.004,55.6,3091.36,81.45
CG-019,20_4,unburned,3.29,10.824,-16.59,275.23,59.64
CG-020,20_4,unburned,7.38,54.464,-11.56,133.63,79.79
CG-029,20_4,burned,-3.54,12.532,422.27,178311.95,307.22
CG-030,20_4,burned,-0.75,0.563,297.15,88298.12,203.71
CG-031,20_4,unburned,0.79,0.624,-1.24,1.54,49.7
CG-033,20_4,unburned,8.35,69.723,-11.56,133.63,79.79
CG-042,20_4,burned,-1.2,1.44,878.35,771498.72,160.13
CG-044,20_4,burned,-3.8,14.44,708.76,502340.74,197.73
CG-045,20_4,burned,-0.59,0.348,246.87,60944.80,199.68
CG-047,20_4,unburned,5.44,29.594,-11.56,133.63,79.79
CG-048,20_4,unburned,9.12,83.174,-11.56,133.63,79.79
CG-056,20_4,burned,-0.32,0.102,377.85,142770.62,271.32
CG-057,20_4,burned,-4.42,19.536,882.68,779123.98,106.87
CG-058,20_4,burned,-6.31,39.816,665.96,443502.72,207.52
CG-059,20_4,burned,-3.36,11.29,464.75,215992.56,212.79
CG-069,20_4,burned,-1.09,1.188,425.72,181237.52,339.32
CG-070,20_4,burned,-4.78,22.848,622.4,387381.76,257.7
CG-071,20_4,burned,-4.55,20.703,620.06,384474.40,203.97
CG-073,20_4,unburned,1.34,1.796,0.17,0.03,45.95
CG-074,20_4,unburned,3.94,15.524,-19.29,372.10,22.96
CG-075,20_4,unburned,8.34,69.556,-11.56,133.63,79.79
CG-084,20_4,unburned,3.82,14.592,-11.45,131.10,35.89
CG-085,20_4,unburned,6.77,45.833,-11.56,133.63,79.79
CG-088,20_4,unburned,1.03,1.061,-12.27,150.55,51.91
CG-089,20_4,burned,-0.01,0,-10.2,104.04,43.83
CG-090,20_4,unburned,1.83,3.349,-3.83,14.67,39.94
CG-092,20_4,unburned,6.46,41.732,-29.85,891.02,68.22
CG-096,20_4,unburned,3.43,11.765,16.84,283.59,63.25
CG-097,20_4,unburned,5.4,29.16,94.28,8888.72,133.96
CG-098,20_4,unburned,7.14,50.98,8.62,74.30,56.24
CG-102,20_4,unburned,8.04,64.642,-11.56,133.63,79.79
CG-103,20_4,unburned,8.41,70.728,-11.56,133.63,79.79
CO-TR,20_4,burned,-0.91,0.828,1911.83,3655093.95,1749.54
DO-CA3,20_4,unburned,1.43,2.045,299.12,89472.77,610.04
DR-SP2,20_4,burned,-0.76,0.578,1624.73,2639747.57,1730.3
EA-MW2,20_4,unburned,0.1,0.01,256.31,65694.82,357.8
FR-RO,20_4,unburned,0.84,0.706,310.92,96671.25,529.84
GY-FO,20_4,burned,-0.01,0,48.69,2370.72,386.04
IR-ME1,20_4,burned,-0.37,0.137,1004.89,1009803.91,745.18
IRC01,20_4,unburned,0.8,0.64,-80.17,6427.23,199.28
IRC02,20_4,unburned,0.04,0.002,630.43,397441.98,1365.13
IRC03,20_4,burned,-0.83,0.689,1451.06,2105575.12,1393.36
IRC04,20_4,burned,-0.15,0.023,919.31,845130.88,1135.52
IRC05,20_4,burned,-0.15,0.023,624.36,389825.41,855.18
IRC06,20_4,burned,-1.07,1.145,951.6,905542.56,591.53
IRC07,20_4,burned,-0.16,0.026,616.44,379998.27,729.18
IRC09,20_4,burned,-0.87,0.757,1479.58,2189156.98,1443.45
IRC10,20_4,burned,-0.31,0.096,942.45,888212.00,1225.02
IRC12,20_4,unburned,0.01,0,489.81,239913.84,588.81
IRC13,20_4,unburned,0.79,0.624,-45.61,2080.27,98.09
LI-ME2,20_4,burned,-0.11,0.012,687.49,472642.50,1024.95
LO-WE2,20_4,burned,-1.4,1.96,312.51,97662.50,270.22
MO-FR1,20_4,unburned,0.88,0.774,464.41,215676.65,655.07
OR-LO,20_4,burned,-0.14,0.02,1191.23,1419028.91,1352.77
OV-TR,20_4,burned,-1.59,2.528,485.71,235914.20,342.23
RO-CA2,20_4,burned,-0.74,0.548,1531.6,2345798.56,1312.2
SO-GY,20_4,burned,-0.49,0.24,316.45,100140.60,229.89
UP-WE,20_4,burned,-1.02,1.04,434.44,188738.11,377.64
WE-TR1,20_4,burned,-0.96,0.922,402.55,162046.50,342.98
WE-TR3,20_4,burned,-0.75,0.563,444.64,197704.73,439.51
AG-CH,21_1,burned,-1.51,2.28,1385.28,1919000.68,1028.93
AU-TR,21_1,burned,-0.87,0.757,1166.22,1360069.09,1053
BO-SP,21_1,burned,-1.68,2.822,1799.49,3238164.26,1706.99
BO-TR,21_1,burned,-1.22,1.488,1301.73,1694500.99,1326.11
CG-001,21_1,unburned,4.9,24.01,-11.56,133.63,79.79
CG-002,21_1,unburned,4.6,21.16,-11.56,133.63,79.79
CG-003,21_1,unburned,0.9,0.81,-94.03,8841.64,384.77
CG-004,21_1,unburned,1.74,3.028,-0.32,0.10,29.2
CG-005,21_1,unburned,1.51,2.28,-18.48,341.51,58.39
CG-006,21_1,unburned,3.81,14.516,-29.13,848.56,36.99
CG-016,21_1,burned,-0.97,0.941,304.54,92744.61,276.82
CG-017,21_1,unburned,0.45,0.203,-68.36,4673.09,139.59
CG-018,21_1,burned,-0.06,0.004,55.6,3091.36,81.45
CG-019,21_1,unburned,3.29,10.824,-16.59,275.23,59.64
CG-020,21_1,unburned,7.38,54.464,-11.56,133.63,79.79
CG-029,21_1,burned,-3.54,12.532,422.27,178311.95,307.22
CG-030,21_1,burned,-0.75,0.563,297.15,88298.12,203.71
CG-031,21_1,unburned,0.79,0.624,-1.24,1.54,49.7
CG-033,21_1,unburned,8.35,69.723,-11.56,133.63,79.79
CG-042,21_1,burned,-1.2,1.44,878.35,771498.72,160.13
CG-044,21_1,burned,-3.8,14.44,708.76,502340.74,197.73
CG-045,21_1,burned,-0.59,0.348,246.87,60944.80,199.68
CG-047,21_1,unburned,5.44,29.594,-11.56,133.63,79.79
CG-048,21_1,unburned,9.12,83.174,-11.56,133.63,79.79
CG-056,21_1,burned,-0.32,0.102,377.85,142770.62,271.32
CG-057,21_1,burned,-4.42,19.536,882.68,779123.98,106.87
CG-058,21_1,burned,-6.31,39.816,665.96,443502.72,207.52
CG-059,21_1,burned,-3.36,11.29,464.75,215992.56,212.79
CG-069,21_1,burned,-1.09,1.188,425.72,181237.52,339.32
CG-070,21_1,burned,-4.78,22.848,622.4,387381.76,257.7
CG-071,21_1,burned,-4.55,20.703,620.06,384474.40,203.97
CG-073,21_1,unburned,1.34,1.796,0.17,0.03,45.95
CG-074,21_1,unburned,3.94,15.524,-19.29,372.10,22.96
CG-075,21_1,unburned,8.34,69.556,-11.56,133.63,79.79
CG-084,21_1,unburned,3.82,14.592,-11.45,131.10,35.89
CG-085,21_1,unburned,6.77,45.833,-11.56,133.63,79.79
CG-088,21_1,unburned,1.03,1.061,-12.27,150.55,51.91
CG-089,21_1,burned,-0.01,0,-10.2,104.04,43.83
CG-090,21_1,unburned,1.83,3.349,-3.83,14.67,39.94
CG-092,21_1,unburned,6.46,41.732,-29.85,891.02,68.22
CG-096,21_1,unburned,3.43,11.765,16.84,283.59,63.25
CG-097,21_1,unburned,5.4,29.16,94.28,8888.72,133.96
CG-098,21_1,unburned,7.14,50.98,8.62,74.30,56.24
CG-102,21_1,unburned,8.04,64.642,-11.56,133.63,79.79
CG-103,21_1,unburned,8.41,70.728,-11.56,133.63,79.79
CO-TR,21_1,burned,-0.91,0.828,1911.83,3655093.95,1749.54
DO-CA3,21_1,unburned,1.43,2.045,299.12,89472.77,610.04
DR-SP2,21_1,burned,-0.76,0.578,1624.73,2639747.57,1730.3
EA-MW2,21_1,unburned,0.1,0.01,256.31,65694.82,357.8
FR-RO,21_1,unburned,0.84,0.706,310.92,96671.25,529.84
GY-FO,21_1,burned,-0.01,0,48.69,2370.72,386.04
IR-ME1,21_1,burned,-0.37,0.137,1004.89,1009803.91,745.18
IRC01,21_1,unburned,0.8,0.64,-80.17,6427.23,199.28
IRC02,21_1,unburned,0.04,0.002,630.43,397441.98,1365.13
IRC03,21_1,burned,-0.83,0.689,1451.06,2105575.12,1393.36
IRC04,21_1,burned,-0.15,0.023,919.31,845130.88,1135.52
IRC05,21_1,burned,-0.15,0.023,624.36,389825.41,855.18
IRC06,21_1,burned,-1.07,1.145,951.6,905542.56,591.53
IRC07,21_1,burned,-0.16,0.026,616.44,379998.27,729.18
IRC09,21_1,burned,-0.87,0.757,1479.58,2189156.98,1443.45
IRC10,21_1,burned,-0.31,0.096,942.45,888212.00,1225.02
IRC12,21_1,unburned,0.01,0,489.81,239913.84,588.81
IRC13,21_1,unburned,0.79,0.624,-45.61,2080.27,98.09
LI-ME2,21_1,burned,-0.11,0.012,687.49,472642.50,1024.95
LO-WE2,21_1,burned,-1.4,1.96,312.51,97662.50,270.22
MO-FR1,21_1,unburned,0.88,0.774,464.41,215676.65,655.07
OR-LO,21_1,burned,-0.14,0.02,1191.23,1419028.91,1352.77
OV-TR,21_1,burned,-1.59,2.528,485.71,235914.20,342.23
RO-CA2,21_1,burned,-0.74,0.548,1531.6,2345798.56,1312.2
SO-GY,21_1,burned,-0.49,0.24,316.45,100140.60,229.89
UP-WE,21_1,burned,-1.02,1.04,434.44,188738.11,377.64
WE-TR1,21_1,burned,-0.96,0.922,402.55,162046.50,342.98
WE-TR3,21_1,burned,-0.75,0.563,444.64,197704.73,439.51
AG-CH,21_2,burned,-1.51,2.28,1385.28,1919000.68,1028.93
AU-TR,21_2,burned,-0.87,0.757,1166.22,1360069.09,1053
BO-SP,21_2,burned,-1.68,2.822,1799.49,3238164.26,1706.99
BO-TR,21_2,burned,-1.22,1.488,1301.73,1694500.99,1326.11
CG-001,21_2,unburned,4.9,24.01,-11.56,133.63,79.79
CG-002,21_2,unburned,4.6,21.16,-11.56,133.63,79.79
CG-003,21_2,unburned,0.9,0.81,-94.03,8841.64,384.77
CG-004,21_2,unburned,1.74,3.028,-0.32,0.10,29.2
CG-005,21_2,unburned,1.51,2.28,-18.48,341.51,58.39
CG-006,21_2,unburned,3.81,14.516,-29.13,848.56,36.99
CG-016,21_2,burned,-0.97,0.941,304.54,92744.61,276.82
CG-017,21_2,unburned,0.45,0.203,-68.36,4673.09,139.59
CG-018,21_2,burned,-0.06,0.004,55.6,3091.36,81.45
CG-019,21_2,unburned,3.29,10.824,-16.59,275.23,59.64
CG-020,21_2,unburned,7.38,54.464,-11.56,133.63,79.79
CG-029,21_2,burned,-3.54,12.532,422.27,178311.95,307.22
CG-030,21_2,burned,-0.75,0.563,297.15,88298.12,203.71
CG-031,21_2,unburned,0.79,0.624,-1.24,1.54,49.7
CG-033,21_2,unburned,8.35,69.723,-11.56,133.63,79.79
CG-042,21_2,burned,-1.2,1.44,878.35,771498.72,160.13
CG-044,21_2,burned,-3.8,14.44,708.76,502340.74,197.73
CG-045,21_2,burned,-0.59,0.348,246.87,60944.80,199.68
CG-047,21_2,unburned,5.44,29.594,-11.56,133.63,79.79
CG-048,21_2,unburned,9.12,83.174,-11.56,133.63,79.79
CG-056,21_2,burned,-0.32,0.102,377.85,142770.62,271.32
CG-057,21_2,burned,-4.42,19.536,882.68,779123.98,106.87
CG-058,21_2,burned,-6.31,39.816,665.96,443502.72,207.52
CG-059,21_2,burned,-3.36,11.29,464.75,215992.56,212.79
CG-069,21_2,burned,-1.09,1.188,425.72,181237.52,339.32
CG-070,21_2,burned,-4.78,22.848,622.4,387381.76,257.7
CG-071,21_2,burned,-4.55,20.703,620.06,384474.40,203.97
CG-073,21_2,unburned,1.34,1.796,0.17,0.03,45.95
CG-074,21_2,unburned,3.94,15.524,-19.29,372.10,22.96
CG-075,21_2,unburned,8.34,69.556,-11.56,133.63,79.79
CG-084,21_2,unburned,3.82,14.592,-11.45,131.10,35.89
CG-085,21_2,unburned,6.77,45.833,-11.56,133.63,79.79
CG-088,21_2,unburned,1.03,1.061,-12.27,150.55,51.91
CG-089,21_2,burned,-0.01,0,-10.2,104.04,43.83
CG-090,21_2,unburned,1.83,3.349,-3.83,14.67,39.94
CG-092,21_2,unburned,6.46,41.732,-29.85,891.02,68.22
CG-096,21_2,unburned,3.43,11.765,16.84,283.59,63.25
CG-097,21_2,unburned,5.4,29.16,94.28,8888.72,133.96
CG-098,21_2,unburned,7.14,50.98,8.62,74.30,56.24
CG-102,21_2,unburned,8.04,64.642,-11.56,133.63,79.79
CG-103,21_2,unburned,8.41,70.728,-11.56,133.63,79.79
CO-TR,21_2,burned,-0.91,0.828,1911.83,3655093.95,1749.54
DO-CA3,21_2,unburned,1.43,2.045,299.12,89472.77,610.04
DR-SP2,21_2,burned,-0.76,0.578,1624.73,2639747.57,1730.3
EA-MW2,21_2,unburned,0.1,0.01,256.31,65694.82,357.8
FR-RO,21_2,unburned,0.84,0.706,310.92,96671.25,529.84
GY-FO,21_2,burned,-0.01,0,48.69,2370.72,386.04
IR-ME1,21_2,burned,-0.37,0.137,1004.89,1009803.91,745.18
IRC01,21_2,unburned,0.8,0.64,-80.17,6427.23,199.28
IRC02,21_2,unburned,0.04,0.002,630.43,397441.98,1365.13
IRC03,21_2,burned,-0.83,0.689,1451.06,2105575.12,1393.36
IRC04,21_2,burned,-0.15,0.023,919.31,845130.88,1135.52
IRC05,21_2,burned,-0.15,0.023,624.36,389825.41,855.18
IRC06,21_2,burned,-1.07,1.145,951.6,905542.56,591.53
IRC07,21_2,burned,-0.16,0.026,616.44,379998.27,729.18
IRC09,21_2,burned,-0.87,0.757,1479.58,2189156.98,1443.45
IRC10,21_2,burned,-0.31,0.096,942.45,888212.00,1225.02
IRC12,21_2,unburned,0.01,0,489.81,239913.84,588.81
IRC13,21_2,unburned,0.79,0.624,-45.61,2080.27,98.09
LI-ME2,21_2,burned,-0.11,0.012,687.49,472642.50,1024.95
LO-WE2,21_2,burned,-1.4,1.96,312.51,97662.50,270.22
MO-FR1,21_2,unburned,0.88,0.774,464.41,215676.65,655.07
OR-LO,21_2,burned,-0.14,0.02,1191.23,1419028.91,1352.77
OV-TR,21_2,burned,-1.59,2.528,485.71,235914.20,342.23
RO-CA2,21_2,burned,-0.74,0.548,1531.6,2345798.56,1312.2
SO-GY,21_2,burned,-0.49,0.24,316.45,100140.60,229.89
UP-WE,21_2,burned,-1.02,1.04,434.44,188738.11,377.64
WE-TR1,21_2,burned,-0.96,0.922,402.55,162046.50,342.98
WE-TR3,21_2,burned,-0.75,0.563,444.64,197704.73,439.51
AG-CH,21_3,burned,-1.51,2.28,1385.28,1919000.68,1028.93
AU-TR,21_3,burned,-0.87,0.757,1166.22,1360069.09,1053
BO-SP,21_3,burned,-1.68,2.822,1799.49,3238164.26,1706.99
BO-TR,21_3,burned,-1.22,1.488,1301.73,1694500.99,1326.11
CG-001,21_3,unburned,4.9,24.01,-11.56,133.63,79.79
CG-002,21_3,unburned,4.6,21.16,-11.56,133.63,79.79
CG-003,21_3,unburned,0.9,0.81,-94.03,8841.64,384.77
CG-004,21_3,unburned,1.74,3.028,-0.32,0.10,29.2
CG-005,21_3,unburned,1.51,2.28,-18.48,341.51,58.39
CG-006,21_3,unburned,3.81,14.516,-29.13,848.56,36.99
CG-016,21_3,burned,-0.97,0.941,304.54,92744.61,276.82
CG-017,21_3,unburned,0.45,0.203,-68.36,4673.09,139.59
CG-018,21_3,burned,-0.06,0.004,55.6,3091.36,81.45
CG-019,21_3,unburned,3.29,10.824,-16.59,275.23,59.64
CG-020,21_3,unburned,7.38,54.464,-11.56,133.63,79.79
CG-029,21_3,burned,-3.54,12.532,422.27,178311.95,307.22
CG-030,21_3,burned,-0.75,0.563,297.15,88298.12,203.71
CG-031,21_3,unburned,0.79,0.624,-1.24,1.54,49.7
CG-033,21_3,unburned,8.35,69.723,-11.56,133.63,79.79
CG-042,21_3,burned,-1.2,1.44,878.35,771498.72,160.13
CG-044,21_3,burned,-3.8,14.44,708.76,502340.74,197.73
CG-045,21_3,burned,-0.59,0.348,246.87,60944.80,199.68
CG-047,21_3,unburned,5.44,29.594,-11.56,133.63,79.79
CG-048,21_3,unburned,9.12,83.174,-11.56,133.63,79.79
CG-056,21_3,burned,-0.32,0.102,377.85,142770.62,271.32
CG-057,21_3,burned,-4.42,19.536,882.68,779123.98,106.87
CG-058,21_3,burned,-6.31,39.816,665.96,443502.72,207.52
CG-059,21_3,burned,-3.36,11.29,464.75,215992.56,212.79
CG-069,21_3,burned,-1.09,1.188,425.72,181237.52,339.32
CG-070,21_3,burned,-4.78,22.848,622.4,387381.76,257.7
CG-071,21_3,burned,-4.55,20.703,620.06,384474.40,203.97
CG-073,21_3,unburned,1.34,1.796,0.17,0.03,45.95
CG-074,21_3,unburned,3.94,15.524,-19.29,372.10,22.96
CG-075,21_3,unburned,8.34,69.556,-11.56,133.63,79.79
CG-084,21_3,unburned,3.82,14.592,-11.45,131.10,35.89
CG-085,21_3,unburned,6.77,45.833,-11.56,133.63,79.79
CG-088,21_3,unburned,1.03,1.061,-12.27,150.55,51.91
CG-089,21_3,burned,-0.01,0,-10.2,104.04,43.83
CG-090,21_3,unburned,1.83,3.349,-3.83,14.67,39.94
CG-092,21_3,unburned,6.46,41.732,-29.85,891.02,68.22
CG-096,21_3,unburned,3.43,11.765,16.84,283.59,63.25
CG-097,21_3,unburned,5.4,29.16,94.28,8888.72,133.96
CG-098,21_3,unburned,7.14,50.98,8.62,74.30,56.24
CG-102,21_3,unburned,8.04,64.642,-11.56,133.63,79.79
CG-103,21_3,unburned,8.41,70.728,-11.56,133.63,79.79
CO-TR,21_3,burned,-0.91,0.828,1911.83,3655093.95,1749.54
DO-CA3,21_3,unburned,1.43,2.045,299.12,89472.77,610.04
DR-SP2,21_3,burned,-0.76,0.578,1624.73,2639747.57,1730.3
EA-MW2,21_3,unburned,0.1,0.01,256.31,65694.82,357.8
FR-RO,21_3,unburned,0.84,0.706,310.92,96671.25,529.84
GY-FO,21_3,burned,-0.01,0,48.69,2370.72,386.04
IR-ME1,21_3,burned,-0.37,0.137,1004.89,1009803.91,745.18
IRC01,21_3,unburned,0.8,0.64,-80.17,6427.23,199.28
IRC02,21_3,unburned,0.04,0.002,630.43,397441.98,1365.13
IRC03,21_3,burned,-0.83,0.689,1451.06,2105575.12,1393.36
IRC04,21_3,burned,-0.15,0.023,919.31,845130.88,1135.52
IRC05,21_3,burned,-0.15,0.023,624.36,389825.41,855.18
IRC06,21_3,burned,-1.07,1.145,951.6,905542.56,591.53
IRC07,21_3,burned,-0.16,0.026,616.44,379998.27,729.18
IRC09,21_3,burned,-0.87,0.757,1479.58,2189156.98,1443.45
IRC10,21_3,burned,-0.31,0.096,942.45,888212.00,1225.02
IRC12,21_3,unburned,0.01,0,489.81,239913.84,588.81
IRC13,21_3,unburned,0.79,0.624,-45.61,2080.27,98.09
LI-ME2,21_3,burned,-0.11,0.012,687.49,472642.50,1024.95
LO-WE2,21_3,burned,-1.4,1.96,312.51,97662.50,270.22
MO-FR1,21_3,unburned,0.88,0.774,464.41,215676.65,655.07
OR-LO,21_3,burned,-0.14,0.02,1191.23,1419028.91,1352.77
OV-TR,21_3,burned,-1.59,2.528,485.71,235914.20,342.23
RO-CA2,21_3,burned,-0.74,0.548,1531.6,2345798.56,1312.2
SO-GY,21_3,burned,-0.49,0.24,316.45,100140.60,229.89
UP-WE,21_3,burned,-1.02,1.04,434.44,188738.11,377.64
WE-TR1,21_3,burned,-0.96,0.922,402.55,162046.50,342.98
WE-TR3,21_3,burned,-0.75,0.563,444.64,197704.73,439.51
AG-CH,21_4,burned,-1.51,2.28,1385.28,1919000.68,1028.93
AU-TR,21_4,burned,-0.87,0.757,1166.22,1360069.09,1053
BO-SP,21_4,burned,-1.68,2.822,1799.49,3238164.26,1706.99
BO-TR,21_4,burned,-1.22,1.488,1301.73,1694500.99,1326.11
CG-001,21_4,unburned,4.9,24.01,-11.56,133.63,79.79
CG-002,21_4,unburned,4.6,21.16,-11.56,133.63,79.79
CG-003,21_4,unburned,0.9,0.81,-94.03,8841.64,384.77
CG-004,21_4,unburned,1.74,3.028,-0.32,0.10,29.2
CG-005,21_4,unburned,1.51,2.28,-18.48,341.51,58.39
CG-006,21_4,unburned,3.81,14.516,-29.13,848.56,36.99
CG-016,21_4,burned,-0.97,0.941,304.54,92744.61,276.82
CG-017,21_4,unburned,0.45,0.203,-68.36,4673.09,139.59
CG-018,21_4,burned,-0.06,0.004,55.6,3091.36,81.45
CG-019,21_4,unburned,3.29,10.824,-16.59,275.23,59.64
CG-020,21_4,unburned,7.38,54.464,-11.56,133.63,79.79
CG-029,21_4,burned,-3.54,12.532,422.27,178311.95,307.22
CG-030,21_4,burned,-0.75,0.563,297.15,88298.12,203.71
CG-031,21_4,unburned,0.79,0.624,-1.24,1.54,49.7
CG-033,21_4,unburned,8.35,69.723,-11.56,133.63,79.79
CG-042,21_4,burned,-1.2,1.44,878.35,771498.72,160.13
CG-044,21_4,burned,-3.8,14.44,708.76,502340.74,197.73
CG-045,21_4,burned,-0.59,0.348,246.87,60944.80,199.68
CG-047,21_4,unburned,5.44,29.594,-11.56,133.63,79.79
CG-048,21_4,unburned,9.12,83.174,-11.56,133.63,79.79
CG-056,21_4,burned,-0.32,0.102,377.85,142770.62,271.32
CG-057,21_4,burned,-4.42,19.536,882.68,779123.98,106.87
CG-058,21_4,burned,-6.31,39.816,665.96,443502.72,207.52
CG-059,21_4,burned,-3.36,11.29,464.75,215992.56,212.79
CG-069,21_4,burned,-1.09,1.188,425.72,181237.52,339.32
CG-070,21_4,burned,-4.78,22.848,622.4,387381.76,257.7
CG-071,21_4,burned,-4.55,20.703,620.06,384474.40,203.97
CG-073,21_4,unburned,1.34,1.796,0.17,0.03,45.95
CG-074,21_4,unburned,3.94,15.524,-19.29,372.10,22.96
CG-075,21_4,unburned,8.34,69.556,-11.56,133.63,79.79
CG-084,21_4,unburned,3.82,14.592,-11.45,131.10,35.89
CG-085,21_4,unburned,6.77,45.833,-11.56,133.63,79.79
CG-088,21_4,unburned,1.03,1.061,-12.27,150.55,51.91
CG-089,21_4,burned,-0.01,0,-10.2,104.04,43.83
CG-090,21_4,unburned,1.83,3.349,-3.83,14.67,39.94
CG-092,21_4,unburned,6.46,41.732,-29.85,891.02,68.22
CG-096,21_4,unburned,3.43,11.765,16.84,283.59,63.25
CG-097,21_4,unburned,5.4,29.16,94.28,8888.72,133.96
CG-098,21_4,unburned,7.14,50.98,8.62,74.30,56.24
CG-102,21_4,unburned,8.04,64.642,-11.56,133.63,79.79
CG-103,21_4,unburned,8.41,70.728,-11.56,133.63,79.79
CO-TR,21_4,burned,-0.91,0.828,1911.83,3655093.95,1749.54
DO-CA3,21_4,unburned,1.43,2.045,299.12,89472.77,610.04
DR-SP2,21_4,burned,-0.76,0.578,1624.73,2639747.57,1730.3
EA-MW2,21_4,unburned,0.1,0.01,256.31,65694.82,357.8
FR-RO,21_4,unburned,0.84,0.706,310.92,96671.25,529.84
GY-FO,21_4,burned,-0.01,0,48.69,2370.72,386.04
IR-ME1,21_4,burned,-0.37,0.137,1004.89,1009803.91,745.18
IRC01,21_4,unburned,0.8,0.64,-80.17,6427.23,199.28
IRC02,21_4,unburned,0.04,0.002,630.43,397441.98,1365.13
IRC03,21_4,burned,-0.83,0.689,1451.06,2105575.12,1393.36
IRC04,21_4,burned,-0.15,0.023,919.31,845130.88,1135.52
IRC05,21_4,burned,-0.15,0.023,624.36,389825.41,855.18
IRC06,21_4,burned,-1.07,1.145,951.6,905542.56,591.53
IRC07,21_4,burned,-0.16,0.026,616.44,379998.27,729.18
IRC09,21_4,burned,-0.87,0.757,1479.58,2189156.98,1443.45
IRC10,21_4,burned,-0.31,0.096,942.45,888212.00,1225.02
IRC12,21_4,unburned,0.01,0,489.81,239913.84,588.81
IRC13,21_4,unburned,0.79,0.624,-45.61,2080.27,98.09
LI-ME2,21_4,burned,-0.11,0.012,687.49,472642.50,1024.95
LO-WE2,21_4,burned,-1.4,1.96,312.51,97662.50,270.22
MO-FR1,21_4,unburned,0.88,0.774,464.41,215676.65,655.07
OR-LO,21_4,burned,-0.14,0.02,1191.23,1419028.91,1352.77
OV-TR,21_4,burned,-1.59,2.528,485.71,235914.20,342.23
RO-CA2,21_4,burned,-0.74,0.548,1531.6,2345798.56,1312.2
SO-GY,21_4,burned,-0.49,0.24,316.45,100140.60,229.89
UP-WE,21_4,burned,-1.02,1.04,434.44,188738.11,377.64
WE-TR1,21_4,burned,-0.96,0.922,402.55,162046.50,342.98
WE-TR3,21_4,burned,-0.75,0.563,444.64,197704.73,439.51
AG-CH,22_1,burned,-1.51,2.28,1385.28,1919000.68,1028.93
AU-TR,22_1,burned,-0.87,0.757,1166.22,1360069.09,1053
BO-SP,22_1,burned,-1.68,2.822,1799.49,3238164.26,1706.99
BO-TR,22_1,burned,-1.22,1.488,1301.73,1694500.99,1326.11
CG-001,22_1,unburned,4.9,24.01,-11.56,133.63,79.79
CG-002,22_1,unburned,4.6,21.16,-11.56,133.63,79.79
CG-003,22_1,unburned,0.9,0.81,-94.03,8841.64,384.77
CG-004,22_1,unburned,1.74,3.028,-0.32,0.10,29.2
CG-005,22_1,unburned,1.51,2.28,-18.48,341.51,58.39
CG-006,22_1,unburned,3.81,14.516,-29.13,848.56,36.99
CG-016,22_1,burned,-0.97,0.941,304.54,92744.61,276.82
CG-017,22_1,unburned,0.45,0.203,-68.36,4673.09,139.59
CG-018,22_1,burned,-0.06,0.004,55.6,3091.36,81.45
CG-019,22_1,unburned,3.29,10.824,-16.59,275.23,59.64
CG-020,22_1,unburned,7.38,54.464,-11.56,133.63,79.79
CG-029,22_1,burned,-3.54,12.532,422.27,178311.95,307.22
CG-030,22_1,burned,-0.75,0.563,297.15,88298.12,203.71
CG-031,22_1,unburned,0.79,0.624,-1.24,1.54,49.7
CG-033,22_1,unburned,8.35,69.723,-11.56,133.63,79.79
CG-042,22_1,burned,-1.2,1.44,878.35,771498.72,160.13
CG-044,22_1,burned,-3.8,14.44,708.76,502340.74,197.73
CG-045,22_1,burned,-0.59,0.348,246.87,60944.80,199.68
CG-047,22_1,unburned,5.44,29.594,-11.56,133.63,79.79
CG-048,22_1,unburned,9.12,83.174,-11.56,133.63,79.79
CG-056,22_1,burned,-0.32,0.102,377.85,142770.62,271.32
CG-057,22_1,burned,-4.42,19.536,882.68,779123.98,106.87
CG-058,22_1,burned,-6.31,39.816,665.96,443502.72,207.52
CG-059,22_1,burned,-3.36,11.29,464.75,215992.56,212.79
CG-069,22_1,burned,-1.09,1.188,425.72,181237.52,339.32
CG-070,22_1,burned,-4.78,22.848,622.4,387381.76,257.7
CG-071,22_1,burned,-4.55,20.703,620.06,384474.40,203.97
CG-073,22_1,unburned,1.34,1.796,0.17,0.03,45.95
CG-074,22_1,unburned,3.94,15.524,-19.29,372.10,22.96
CG-075,22_1,unburned,8.34,69.556,-11.56,133.63,79.79
CG-084,22_1,unburned,3.82,14.592,-11.45,131.10,35.89
CG-085,22_1,unburned,6.77,45.833,-11.56,133.63,79.79
CG-088,22_1,unburned,1.03,1.061,-12.27,150.55,51.91
CG-089,22_1,burned,-0.01,0,-10.2,104.04,43.83
CG-090,22_1,unburned,1.83,3.349,-3.83,14.67,39.94
CG-092,22_1,unburned,6.46,41.732,-29.85,891.02,68.22
CG-096,22_1,unburned,3.43,11.765,16.84,283.59,63.25
CG-097,22_1,unburned,5.4,29.16,94.28,8888.72,133.96
CG-098,22_1,unburned,7.14,50.98,8.62,74.30,56.24
CG-102,22_1,unburned,8.04,64.642,-11.56,133.63,79.79
CG-103,22_1,unburned,8.41,70.728,-11.56,133.63,79.79
CO-TR,22_1,burned,-0.91,0.828,1911.83,3655093.95,1749.54
DO-CA3,22_1,unburned,1.43,2.045,299.12,89472.77,610.04
DR-SP2,22_1,burned,-0.76,0.578,1624.73,2639747.57,1730.3
EA-MW2,22_1,unburned,0.1,0.01,256.31,65694.82,357.8
FR-RO,22_1,unburned,0.84,0.706,310.92,96671.25,529.84
GY-FO,22_1,burned,-0.01,0,48.69,2370.72,386.04
IR-ME1,22_1,burned,-0.37,0.137,1004.89,1009803.91,745.18
IRC01,22_1,unburned,0.8,0.64,-80.17,6427.23,199.28
IRC02,22_1,unburned,0.04,0.002,630.43,397441.98,1365.13
IRC03,22_1,burned,-0.83,0.689,1451.06,2105575.12,1393.36
IRC04,22_1,burned,-0.15,0.023,919.31,845130.88,1135.52
IRC05,22_1,burned,-0.15,0.023,624.36,389825.41,855.18
IRC06,22_1,burned,-1.07,1.145,951.6,905542.56,591.53
IRC07,22_1,burned,-0.16,0.026,616.44,379998.27,729.18
IRC09,22_1,burned,-0.87,0.757,1479.58,2189156.98,1443.45
IRC10,22_1,burned,-0.31,0.096,942.45,888212.00,1225.02
IRC12,22_1,unburned,0.01,0,489.81,239913.84,588.81
IRC13,22_1,unburned,0.79,0.624,-45.61,2080.27,98.09
LI-ME2,22_1,burned,-0.11,0.012,687.49,472642.50,1024.95
LO-WE2,22_1,burned,-1.4,1.96,312.51,97662.50,270.22
MO-FR1,22_1,unburned,0.88,0.774,464.41,215676.65,655.07
OR-LO,22_1,burned,-0.14,0.02,1191.23,1419028.91,1352.77
OV-TR,22_1,burned,-1.59,2.528,485.71,235914.20,342.23
RO-CA2,22_1,burned,-0.74,0.548,1531.6,2345798.56,1312.2
SO-GY,22_1,burned,-0.49,0.24,316.45,100140.60,229.89
UP-WE,22_1,burned,-1.02,1.04,434.44,188738.11,377.64
WE-TR1,22_1,burned,-0.96,0.922,402.55,162046.50,342.98
WE-TR3,22_1,burned,-0.75,0.563,444.64,197704.73,439.51
AG-CH,22_2,burned,-1.51,2.28,1385.28,1919000.68,1028.93
AU-TR,22_2,burned,-0.87,0.757,1166.22,1360069.09,1053
BO-SP,22_2,burned,-1.68,2.822,1799.49,3238164.26,1706.99
BO-TR,22_2,burned,-1.22,1.488,1301.73,1694500.99,1326.11
CG-001,22_2,unburned,4.9,24.01,-11.56,133.63,79.79
CG-002,22_2,unburned,4.6,21.16,-11.56,133.63,79.79
CG-003,22_2,unburned,0.9,0.81,-94.03,8841.64,384.77
CG-004,22_2,unburned,1.74,3.028,-0.32,0.10,29.2
CG-005,22_2,unburned,1.51,2.28,-18.48,341.51,58.39
CG-006,22_2,unburned,3.81,14.516,-29.13,848.56,36.99
CG-016,22_2,burned,-0.97,0.941,304.54,92744.61,276.82
CG-017,22_2,unburned,0.45,0.203,-68.36,4673.09,139.59
CG-018,22_2,burned,-0.06,0.004,55.6,3091.36,81.45
CG-019,22_2,unburned,3.29,10.824,-16.59,275.23,59.64
CG-020,22_2,unburned,7.38,54.464,-11.56,133.63,79.79
CG-029,22_2,burned,-3.54,12.532,422.27,178311.95,307.22
CG-030,22_2,burned,-0.75,0.563,297.15,88298.12,203.71
CG-031,22_2,unburned,0.79,0.624,-1.24,1.54,49.7
CG-033,22_2,unburned,8.35,69.723,-11.56,133.63,79.79
CG-042,22_2,burned,-1.2,1.44,878.35,771498.72,160.13
CG-044,22_2,burned,-3.8,14.44,708.76,502340.74,197.73
CG-045,22_2,burned,-0.59,0.348,246.87,60944.80,199.68
CG-047,22_2,unburned,5.44,29.594,-11.56,133.63,79.79
CG-048,22_2,unburned,9.12,83.174,-11.56,133.63,79.79
CG-056,22_2,burned,-0.32,0.102,377.85,142770.62,271.32
CG-057,22_2,burned,-4.42,19.536,882.68,779123.98,106.87
CG-058,22_2,burned,-6.31,39.816,665.96,443502.72,207.52
CG-059,22_2,burned,-3.36,11.29,464.75,215992.56,212.79
CG-069,22_2,burned,-1.09,1.188,425.72,181237.52,339.32
CG-070,22_2,burned,-4.78,22.848,622.4,387381.76,257.7
CG-071,22_2,burned,-4.55,20.703,620.06,384474.40,203.97
CG-073,22_2,unburned,1.34,1.796,0.17,0.03,45.95
CG-074,22_2,unburned,3.94,15.524,-19.29,372.10,22.96
CG-075,22_2,unburned,8.34,69.556,-11.56,133.63,79.79
CG-084,22_2,unburned,3.82,14.592,-11.45,131.10,35.89
CG-085,22_2,unburned,6.77,45.833,-11.56,133.63,79.79
CG-088,22_2,unburned,1.03,1.061,-12.27,150.55,51.91
CG-089,22_2,burned,-0.01,0,-10.2,104.04,43.83
CG-090,22_2,unburned,1.83,3.349,-3.83,14.67,39.94
CG-092,22_2,unburned,6.46,41.732,-29.85,891.02,68.22
CG-096,22_2,unburned,3.43,11.765,16.84,283.59,63.25
CG-097,22_2,unburned,5.4,29.16,94.28,8888.72,133.96
CG-098,22_2,unburned,7.14,50.98,8.62,74.30,56.24
CG-102,22_2,unburned,8.04,64.642,-11.56,133.63,79.79
CG-103,22_2,unburned,8.41,70.728,-11.56,133.63,79.79
CO-TR,22_2,burned,-0.91,0.828,1911.83,3655093.95,1749.54
DO-CA3,22_2,unburned,1.43,2.045,299.12,89472.77,610.04
DR-SP2,22_2,burned,-0.76,0.578,1624.73,2639747.57,1730.3
EA-MW2,22_2,unburned,0.1,0.01,256.31,65694.82,357.8
FR-RO,22_2,unburned,0.84,0.706,310.92,96671.25,529.84
GY-FO,22_2,burned,-0.01,0,48.69,2370.72,386.04
IR-ME1,22_2,burned,-0.37,0.137,1004.89,1009803.91,745.18
IRC01,22_2,unburned,0.8,0.64,-80.17,6427.23,199.28
IRC02,22_2,unburned,0.04,0.002,630.43,397441.98,1365.13
IRC03,22_2,burned,-0.83,0.689,1451.06,2105575.12,1393.36
IRC04,22_2,burned,-0.15,0.023,919.31,845130.88,1135.52
IRC05,22_2,burned,-0.15,0.023,624.36,389825.41,855.18
IRC06,22_2,burned,-1.07,1.145,951.6,905542.56,591.53
IRC07,22_2,burned,-0.16,0.026,616.44,379998.27,729.18
IRC09,22_2,burned,-0.87,0.757,1479.58,2189156.98,1443.45
IRC10,22_2,burned,-0.31,0.096,942.45,888212.00,1225.02
IRC12,22_2,unburned,0.01,0,489.81,239913.84,588.81
IRC13,22_2,unburned,0.79,0.624,-45.61,2080.27,98.09
LI-ME2,22_2,burned,-0.11,0.012,687.49,472642.50,1024.95
LO-WE2,22_2,burned,-1.4,1.96,312.51,97662.50,270.22
MO-FR1,22_2,unburned,0.88,0.774,464.41,215676.65,655.07
OR-LO,22_2,burned,-0.14,0.02,1191.23,1419028.91,1352.77
OV-TR,22_2,burned,-1.59,2.528,485.71,235914.20,342.23
RO-CA2,22_2,burned,-0.74,0.548,1531.6,2345798.56,1312.2
SO-GY,22_2,burned,-0.49,0.24,316.45,100140.60,229.89
UP-WE,22_2,burned,-1.02,1.04,434.44,188738.11,377.64
WE-TR1,22_2,burned,-0.96,0.922,402.55,162046.50,342.98
WE-TR3,22_2,burned,-0.75,0.563,444.64,197704.73,439.51
AG-CH,22_3,burned,-1.51,2.28,1385.28,1919000.68,1028.93
AU-TR,22_3,burned,-0.87,0.757,1166.22,1360069.09,1053
BO-SP,22_3,burned,-1.68,2.822,1799.49,3238164.26,1706.99
BO-TR,22_3,burned,-1.22,1.488,1301.73,1694500.99,1326.11
CG-001,22_3,unburned,4.9,24.01,-11.56,133.63,79.79
CG-002,22_3,unburned,4.6,21.16,-11.56,133.63,79.79
CG-003,22_3,unburned,0.9,0.81,-94.03,8841.64,384.77
CG-004,22_3,unburned,1.74,3.028,-0.32,0.10,29.2
CG-005,22_3,unburned,1.51,2.28,-18.48,341.51,58.39
CG-006,22_3,unburned,3.81,14.516,-29.13,848.56,36.99
CG-016,22_3,burned,-0.97,0.941,304.54,92744.61,276.82
CG-017,22_3,unburned,0.45,0.203,-68.36,4673.09,139.59
CG-018,22_3,burned,-0.06,0.004,55.6,3091.36,81.45
CG-019,22_3,unburned,3.29,10.824,-16.59,275.23,59.64
CG-020,22_3,unburned,7.38,54.464,-11.56,133.63,79.79
CG-029,22_3,burned,-3.54,12.532,422.27,178311.95,307.22
CG-030,22_3,burned,-0.75,0.563,297.15,88298.12,203.71
CG-031,22_3,unburned,0.79,0.624,-1.24,1.54,49.7
CG-033,22_3,unburned,8.35,69.723,-11.56,133.63,79.79
CG-042,22_3,burned,-1.2,1.44,878.35,771498.72,160.13
CG-044,22_3,burned,-3.8,14.44,708.76,502340.74,197.73
CG-045,22_3,burned,-0.59,0.348,246.87,60944.80,199.68
CG-047,22_3,unburned,5.44,29.594,-11.56,133.63,79.79
CG-048,22_3,unburned,9.12,83.174,-11.56,133.63,79.79
CG-056,22_3,burned,-0.32,0.102,377.85,142770.62,271.32
CG-057,22_3,burned,-4.42,19.536,882.68,779123.98,106.87
CG-058,22_3,burned,-6.31,39.816,665.96,443502.72,207.52
CG-059,22_3,burned,-3.36,11.29,464.75,215992.56,212.79
CG-069,22_3,burned,-1.09,1.188,425.72,181237.52,339.32
CG-070,22_3,burned,-4.78,22.848,622.4,387381.76,257.7
CG-071,22_3,burned,-4.55,20.703,620.06,384474.40,203.97
CG-073,22_3,unburned,1.34,1.796,0.17,0.03,45.95
CG-074,22_3,unburned,3.94,15.524,-19.29,372.10,22.96
CG-075,22_3,unburned,8.34,69.556,-11.56,133.63,79.79
CG-084,22_3,unburned,3.82,14.592,-11.45,131.10,35.89
CG-085,22_3,unburned,6.77,45.833,-11.56,133.63,79.79
CG-088,22_3,unburned,1.03,1.061,-12.27,150.55,51.91
CG-089,22_3,burned,-0.01,0,-10.2,104.04,43.83
CG-090,22_3,unburned,1.83,3.349,-3.83,14.67,39.94
CG-092,22_3,unburned,6.46,41.732,-29.85,891.02,68.22
CG-096,22_3,unburned,3.43,11.765,16.84,283.59,63.25
CG-097,22_3,unburned,5.4,29.16,94.28,8888.72,133.96
CG-098,22_3,unburned,7.14,50.98,8.62,74.30,56.24
CG-102,22_3,unburned,8.04,64.642,-11.56,133.63,79.79
CG-103,22_3,unburned,8.41,70.728,-11.56,133.63,79.79
CO-TR,22_3,burned,-0.91,0.828,1911.83,3655093.95,1749.54
DO-CA3,22_3,unburned,1.43,2.045,299.12,89472.77,610.04
DR-SP2,22_3,burned,-0.76,0.578,1624.73,2639747.57,1730.3
EA-MW2,22_3,unburned,0.1,0.01,256.31,65694.82,357.8
FR-RO,22_3,unburned,0.84,0.706,310.92,96671.25,529.84
GY-FO,22_3,burned,-0.01,0,48.69,2370.72,386.04
IR-ME1,22_3,burned,-0.37,0.137,1004.89,1009803.91,745.18
IRC01,22_3,unburned,0.8,0.64,-80.17,6427.23,199.28
IRC02,22_3,unburned,0.04,0.002,630.43,397441.98,1365.13
IRC03,22_3,burned,-0.83,0.689,1451.06,2105575.12,1393.36
IRC04,22_3,burned,-0.15,0.023,919.31,845130.88,1135.52
IRC05,22_3,burned,-0.15,0.023,624.36,389825.41,855.18
IRC06,22_3,burned,-1.07,1.145,951.6,905542.56,591.53
IRC07,22_3,burned,-0.16,0.026,616.44,379998.27,729.18
IRC09,22_3,burned,-0.87,0.757,1479.58,2189156.98,1443.45
IRC10,22_3,burned,-0.31,0.096,942.45,888212.00,1225.02
IRC12,22_3,unburned,0.01,0,489.81,239913.84,588.81
IRC13,22_3,unburned,0.79,0.624,-45.61,2080.27,98.09
LI-ME2,22_3,burned,-0.11,0.012,687.49,472642.50,1024.95
LO-WE2,22_3,burned,-1.4,1.96,312.51,97662.50,270.22
MO-FR1,22_3,unburned,0.88,0.774,464.41,215676.65,655.07
OR-LO,22_3,burned,-0.14,0.02,1191.23,1419028.91,1352.77
OV-TR,22_3,burned,-1.59,2.528,485.71,235914.20,342.23
RO-CA2,22_3,burned,-0.74,0.548,1531.6,2345798.56,1312.2
SO-GY,22_3,burned,-0.49,0.24,316.45,100140.60,229.89
UP-WE,22_3,burned,-1.02,1.04,434.44,188738.11,377.64
WE-TR1,22_3,burned,-0.96,0.922,402.55,162046.50,342.98
WE-TR3,22_3,burned,-0.75,0.563,444.64,197704.73,439.51
AG-CH,22_4,burned,-1.51,2.28,1385.28,1919000.68,1028.93
AU-TR,22_4,burned,-0.87,0.757,1166.22,1360069.09,1053
BO-SP,22_4,burned,-1.68,2.822,1799.49,3238164.26,1706.99
BO-TR,22_4,burned,-1.22,1.488,1301.73,1694500.99,1326.11
CG-001,22_4,unburned,4.9,24.01,-11.56,133.63,79.79
CG-002,22_4,unburned,4.6,21.16,-11.56,133.63,79.79
CG-003,22_4,unburned,0.9,0.81,-94.03,8841.64,384.77
CG-004,22_4,unburned,1.74,3.028,-0.32,0.10,29.2
CG-005,22_4,unburned,1.51,2.28,-18.48,341.51,58.39
CG-006,22_4,unburned,3.81,14.516,-29.13,848.56,36.99
CG-016,22_4,burned,-0.97,0.941,304.54,92744.61,276.82
CG-017,22_4,unburned,0.45,0.203,-68.36,4673.09,139.59
CG-018,22_4,burned,-0.06,0.004,55.6,3091.36,81.45
CG-019,22_4,unburned,3.29,10.824,-16.59,275.23,59.64
CG-020,22_4,unburned,7.38,54.464,-11.56,133.63,79.79
CG-029,22_4,burned,-3.54,12.532,422.27,178311.95,307.22
CG-030,22_4,burned,-0.75,0.563,297.15,88298.12,203.71
CG-031,22_4,unburned,0.79,0.624,-1.24,1.54,49.7
CG-033,22_4,unburned,8.35,69.723,-11.56,133.63,79.79
CG-042,22_4,burned,-1.2,1.44,878.35,771498.72,160.13
CG-044,22_4,burned,-3.8,14.44,708.76,502340.74,197.73
CG-045,22_4,burned,-0.59,0.348,246.87,60944.80,199.68
CG-047,22_4,unburned,5.44,29.594,-11.56,133.63,79.79
CG-048,22_4,unburned,9.12,83.174,-11.56,133.63,79.79
CG-056,22_4,burned,-0.32,0.102,377.85,142770.62,271.32
CG-057,22_4,burned,-4.42,19.536,882.68,779123.98,106.87
CG-058,22_4,burned,-6.31,39.816,665.96,443502.72,207.52
CG-059,22_4,burned,-3.36,11.29,464.75,215992.56,212.79
CG-069,22_4,burned,-1.09,1.188,425.72,181237.52,339.32
CG-070,22_4,burned,-4.78,22.848,622.4,387381.76,257.7
CG-071,22_4,burned,-4.55,20.703,620.06,384474.40,203.97
CG-073,22_4,unburned,1.34,1.796,0.17,0.03,45.95
CG-074,22_4,unburned,3.94,15.524,-19.29,372.10,22.96
CG-075,22_4,unburned,8.34,69.556,-11.56,133.63,79.79
CG-084,22_4,unburned,3.82,14.592,-11.45,131.10,35.89
CG-085,22_4,unburned,6.77,45.833,-11.56,133.63,79.79
CG-088,22_4,unburned,1.03,1.061,-12.27,150.55,51.91
CG-089,22_4,burned,-0.01,0,-10.2,104.04,43.83
CG-090,22_4,unburned,1.83,3.349,-3.83,14.67,39.94
CG-092,22_4,unburned,6.46,41.732,-29.85,891.02,68.22
CG-096,22_4,unburned,3.43,11.765,16.84,283.59,63.25
CG-097,22_4,unburned,5.4,29.16,94.28,8888.72,133.96
CG-098,22_4,unburned,7.14,50.98,8.62,74.30,56.24
CG-102,22_4,unburned,8.04,64.642,-11.56,133.63,79.79
CG-103,22_4,unburned,8.41,70.728,-11.56,133.63,79.79
CO-TR,22_4,burned,-0.91,0.828,1911.83,3655093.95,1749.54
DO-CA3,22_4,unburned,1.43,2.045,299.12,89472.77,610.04
DR-SP2,22_4,burned,-0.76,0.578,1624.73,2639747.57,1730.3
EA-MW2,22_4,unburned,0.1,0.01,256.31,65694.82,357.8
FR-RO,22_4,unburned,0.84,0.706,310.92,96671.25,529.84
GY-FO,22_4,burned,-0.01,0,48.69,2370.72,386.04
IR-ME1,22_4,burned,-0.37,0.137,1004.89,1009803.91,745.18
IRC01,22_4,unburned,0.8,0.64,-80.17,6427.23,199.28
IRC02,22_4,unburned,0.04,0.002,630.43,397441.98,1365.13
IRC03,22_4,burned,-0.83,0.689,1451.06,2105575.12,1393.36
IRC04,22_4,burned,-0.15,0.023,919.31,845130.88,1135.52
IRC05,22_4,burned,-0.15,0.023,624.36,389825.41,855.18
IRC06,22_4,burned,-1.07,1.145,951.6,905542.56,591.53
IRC07,22_4,burned,-0.16,0.026,616.44,379998.27,729.18
IRC09,22_4,burned,-0.87,0.757,1479.58,2189156.98,1443.45
IRC10,22_4,burned,-0.31,0.096,942.45,888212.00,1225.02
IRC12,22_4,unburned,0.01,0,489.81,239913.84,588.81
IRC13,22_4,unburned,0.79,0.624,-45.61,2080.27,98.09
LI-ME2,22_4,burned,-0.11,0.012,687.49,472642.50,1024.95
LO-WE2,22_4,burned,-1.4,1.96,312.51,97662.50,270.22
MO-FR1,22_4,unburned,0.88,0.774,464.41,215676.65,655.07
OR-LO,22_4,burned,-0.14,0.02,1191.23,1419028.91,1352.77
OV-TR,22_4,burned,-1.59,2.528,485.71,235914.20,342.23
RO-CA2,22_4,burned,-0.74,0.548,1531.6,2345798.56,1312.2
SO-GY,22_4,burned,-0.49,0.24,316.45,100140.60,229.89
UP-WE,22_4,burned,-1.02,1.04,434.44,188738.11,377.64
WE-TR1,22_4,burned,-0.96,0.922,402.55,162046.50,342.98
WE-TR3,22_4,burned,-0.75,0.563,444.64,197704.73,439.51